Workbook

Sheet Dashboard
A1: MULTI-JURISDICTION DEADLINE CALENDAR
A2: Per OECD GloBE Administrative Guidance - January 2025
A4: TODAY'S DATE: | B4: =TODAY() | D4: Fiscal Year End: | E4: 2024-12-31
A6: DEADLINE SUMMARY | D6: BY OBLIGATION TYPE
A8: Total Obligations: | B8: =COUNTA(Deadlines!A:A)-1 | D8: Registration: | E8: =COUNTIF(Deadlines!D:D,"Registration")
A9: Completed: | B9: =COUNTIF(Deadlines!W:W,"Filed")+COUNTIF(Deadlines!W:W,"Confirmed") | D9: GIR Filing: | E9: =COUNTIF(Deadlines!D:D,"GIR Filing")
A10: Pending: | B10: =COUNTIF(Deadlines!W:W,"Pending")+COUNTIF(Deadlines!W:W,"In Progress") | D10: Local Returns: | E10: =COUNTIF(Deadlines!D:D,"Local Return")
A11: Overdue: | B11: =COUNTIFS(Deadlines!G:G,"<"&B4,Deadlines!W:W,"Pending") | D11: Payment: | E11: =COUNTIF(Deadlines!D:D,"Payment")
A12: Due in 30 Days: | B12: =COUNTIFS(Deadlines!G:G,">="&B4,Deadlines!G:G,"<="&B4+30,Deadlines!W:W,"Pending")
A13: Due in 60 Days: | B13: =COUNTIFS(Deadlines!G:G,">="&B4,Deadlines!G:G,"<="&B4+60,Deadlines!W:W,"Pending")
A14: Due in 90 Days: | B14: =COUNTIFS(Deadlines!G:G,">="&B4,Deadlines!G:G,"<="&B4+90,Deadlines!W:W,"Pending")
A16: OECD FILING DEADLINE RULES
A18: Rule | B18: Description | C18: Deadline
A19: First Year Filing | B19: 18 months from fiscal year end | C19: =DATE(YEAR(E4)+1,MONTH(E4)+6,DAY(E4))
A20: Subsequent Years | B20: 15 months from fiscal year end | C20: =DATE(YEAR(E4)+1,MONTH(E4)+3,DAY(E4))
A21: Minimum Date | B21: No filing before 30 June 2026 | C21: 2026-06-30
A22: Registration | B22: 6 months from first AP end (varies by jurisdiction) | C22: Varies
A24: NEXT 5 UPCOMING DEADLINES
A26: Jurisdiction | B26: Obligation | C26: Deadline | D26: Days Until | E26: Status
A27: =INDEX(Deadlines!B:B,MATCH(SMALL(IF(Deadlines!G:G>=$B$4,Deadlines!G:G),1),Deadlines!G:G,0)) | B27: =INDEX(Deadlines!E:E,MATCH(SMALL(IF(Deadlines!G:G>=$B$4,Deadlines!G:G),1),Deadlines!G:G,0)) | C27: =SMALL(IF(Deadlines!G:G>=$B$4,Deadlines!G:G),1) | D27: =C27-$B$4 | E27: =INDEX(Deadlines!W:W,MATCH(SMALL(IF(Deadlines!G:G>=$B$4,Deadlines!G:G),1),Deadlines!G:G,0))
A28: =INDEX(Deadlines!B:B,MATCH(SMALL(IF(Deadlines!G:G>=$B$4,Deadlines!G:G),2),Deadlines!G:G,0)) | B28: =INDEX(Deadlines!E:E,MATCH(SMALL(IF(Deadlines!G:G>=$B$4,Deadlines!G:G),2),Deadlines!G:G,0)) | C28: =SMALL(IF(Deadlines!G:G>=$B$4,Deadlines!G:G),2) | D28: =C28-$B$4 | E28: =INDEX(Deadlines!W:W,MATCH(SMALL(IF(Deadlines!G:G>=$B$4,Deadlines!G:G),2),Deadlines!G:G,0))
A29: =INDEX(Deadlines!B:B,MATCH(SMALL(IF(Deadlines!G:G>=$B$4,Deadlines!G:G),3),Deadlines!G:G,0)) | B29: =INDEX(Deadlines!E:E,MATCH(SMALL(IF(Deadlines!G:G>=$B$4,Deadlines!G:G),3),Deadlines!G:G,0)) | C29: =SMALL(IF(Deadlines!G:G>=$B$4,Deadlines!G:G),3) | D29: =C29-$B$4 | E29: =INDEX(Deadlines!W:W,MATCH(SMALL(IF(Deadlines!G:G>=$B$4,Deadlines!G:G),3),Deadlines!G:G,0))
A30: =INDEX(Deadlines!B:B,MATCH(SMALL(IF(Deadlines!G:G>=$B$4,Deadlines!G:G),4),Deadlines!G:G,0)) | B30: =INDEX(Deadlines!E:E,MATCH(SMALL(IF(Deadlines!G:G>=$B$4,Deadlines!G:G),4),Deadlines!G:G,0)) | C30: =SMALL(IF(Deadlines!G:G>=$B$4,Deadlines!G:G),4) | D30: =C30-$B$4 | E30: =INDEX(Deadlines!W:W,MATCH(SMALL(IF(Deadlines!G:G>=$B$4,Deadlines!G:G),4),Deadlines!G:G,0))
A31: =INDEX(Deadlines!B:B,MATCH(SMALL(IF(Deadlines!G:G>=$B$4,Deadlines!G:G),5),Deadlines!G:G,0)) | B31: =INDEX(Deadlines!E:E,MATCH(SMALL(IF(Deadlines!G:G>=$B$4,Deadlines!G:G),5),Deadlines!G:G,0)) | C31: =SMALL(IF(Deadlines!G:G>=$B$4,Deadlines!G:G),5) | D31: =C31-$B$4 | E31: =INDEX(Deadlines!W:W,MATCH(SMALL(IF(Deadlines!G:G>=$B$4,Deadlines!G:G),5),Deadlines!G:G,0))

Sheet Deadlines
A1: Event_ID | B1: Jurisdiction | C1: Country_Code | D1: Obligation_Type | E1: Event_Title | F1: Event_Description | G1: Deadline_Date | H1: FY_End_Dec2024 | I1: FY_End_Mar2025 | J1: FY_End_Jun2025 | K1: FY_End_Dec2025 | L1: First_Year_Rule | M1: Standard_Rule | N1: Portal_Name | O1: Portal_URL | P1: Contact_Email | Q1: Reminder_90_Days | R1: Reminder_60_Days | S1: Reminder_30_Days | T1: Reminder_14_Days | U1: Priority | V1: Owner | W1: Status | X1: Completion_Date | Y1: Filing_Reference | Z1: Notes | AA1: Days_Until_Deadline | AB1: Alert_Status
A2: GB-REG-001 | B2: United Kingdom | C2: GB | D2: Registration | E2: UK MTT/DTT Registration | F2: Register with HMRC for Pillar 2 | G2: 2025-06-30 | H2: 2025-06-30 | I2: 2025-09-30 | J2: 2025-12-31 | K2: 2026-06-30 | L2: 6 months | M2: One-time | N2: HMRC Pillar 2 | O2: https://www.gov.uk/guidance/report-pillar-2-top-up-taxes | P2: pillar2.mailbox@hmrc.gov.uk | Q2: =G2-90 | R2: =G2-60 | S2: =G2-30 | T2: =G2-14 | U2: Critical | V2: Tax Director | W2: Pending | AA2: =G2-TODAY() | AB2: =IF(W2="Filed","Complete",IF(AA2<0,"OVERDUE",IF(AA2<=14,"URGENT",IF(AA2<=30,"DUE SOON",IF(AA2<=60,"APPROACHING","OK")))))
A3: GB-GIR-001 | B3: United Kingdom | C3: GB | D3: GIR Filing | E3: UK GIR Filing (FY2024) | F3: File GIR with HMRC via XML API | G3: 2026-06-30 | H3: 2026-06-30 | I3: 2026-09-30 | J3: 2026-12-31 | K3: 2027-03-31 | L3: 18 months | M3: 15 months | N3: HMRC Pillar 2 | O3: https://www.gov.uk/guidance/report-pillar-2-top-up-taxes | P3: pillar2.mailbox@hmrc.gov.uk | Q3: =G3-90 | R3: =G3-60 | S3: =G3-30 | T3: =G3-14 | U3: Critical | V3: GIR Lead | W3: Pending | AA3: =G3-TODAY() | AB3: =IF(W3="Filed","Complete",IF(AA3<0,"OVERDUE",IF(AA3<=14,"URGENT",IF(AA3<=30,"DUE SOON",IF(AA3<=60,"APPROACHING","OK")))))
A4: GB-PAY-001 | B4: United Kingdom | C4: GB | D4: Payment | E4: UK MTT/DTT Payment | F4: Pay MTT/DTT liability | G4: 2026-06-30 | H4: 2026-06-30 | I4: 2026-09-30 | J4: 2026-12-31 | K4: 2027-03-31 | L4: 18 months | M4: 15 months | N4: HMRC Payment | O4: https://www.gov.uk/pay-tax | Q4: =G4-90 | R4: =G4-60 | S4: =G4-30 | T4: =G4-14 | U4: Critical | V4: Treasury | W4: Pending | AA4: =G4-TODAY() | AB4: =IF(W4="Filed","Complete",IF(AA4<0,"OVERDUE",IF(AA4<=14,"URGENT",IF(AA4<=30,"DUE SOON",IF(AA4<=60,"APPROACHING","OK")))))
A5: DE-REG-001 | B5: Germany | C5: DE | D5: Registration | E5: DE BZSt Registration | F5: Register with BZSt | G5: 2025-06-30 | H5: 2025-06-30 | I5: 2025-09-30 | J5: 2025-12-31 | K5: 2026-06-30 | L5: 6 months | M5: One-time | N5: BZSt Portal | O5: https://www.bzst.de | Q5: =G5-90 | R5: =G5-60 | S5: =G5-30 | T5: =G5-14 | U5: Critical | V5: Tax Director | W5: Pending | AA5: =G5-TODAY() | AB5: =IF(W5="Filed","Complete",IF(AA5<0,"OVERDUE",IF(AA5<=14,"URGENT",IF(AA5<=30,"DUE SOON",IF(AA5<=60,"APPROACHING","OK")))))
A6: DE-GIR-001 | B6: Germany | C6: DE | D6: GIR Filing | E6: DE GIR Filing (FY2024) | F6: File Mindeststeuer-Bericht | G6: 2026-06-30 | H6: 2026-06-30 | I6: 2026-09-30 | J6: 2026-12-31 | K6: 2027-03-31 | L6: 18 months | M6: 15 months | N6: BZSt Portal | O6: https://www.bzst.de | Q6: =G6-90 | R6: =G6-60 | S6: =G6-30 | T6: =G6-14 | U6: Critical | V6: GIR Lead | W6: Pending | AA6: =G6-TODAY() | AB6: =IF(W6="Filed","Complete",IF(AA6<0,"OVERDUE",IF(AA6<=14,"URGENT",IF(AA6<=30,"DUE SOON",IF(AA6<=60,"APPROACHING","OK")))))
A7: NL-GIR-001 | B7: Netherlands | C7: NL | D7: GIR Filing | E7: NL GIR Filing (FY2024) | F7: File GIR via Belastingdienst | G7: 2026-06-30 | H7: 2026-06-30 | I7: 2026-09-30 | J7: 2026-12-31 | K7: 2027-03-31 | L7: 18 months | M7: 15 months | N7: Belastingdienst | O7: https://www.belastingdienst.nl | Q7: =G7-90 | R7: =G7-60 | S7: =G7-30 | T7: =G7-14 | U7: Critical | V7: GIR Lead | W7: Pending | AA7: =G7-TODAY() | AB7: =IF(W7="Filed","Complete",IF(AA7<0,"OVERDUE",IF(AA7<=14,"URGENT",IF(AA7<=30,"DUE SOON",IF(AA7<=60,"APPROACHING","OK")))))
A8: FR-GIR-001 | B8: France | C8: FR | D8: GIR Filing | E8: FR GIR Filing (FY2024) | F8: File Form 2065-INT-SD | G8: 2026-06-30 | H8: 2026-06-30 | I8: 2026-09-30 | J8: 2026-12-31 | K8: 2027-03-31 | L8: 18 months | M8: 15 months | N8: impots.gouv.fr | O8: https://www.impots.gouv.fr | Q8: =G8-90 | R8: =G8-60 | S8: =G8-30 | T8: =G8-14 | U8: Critical | V8: GIR Lead | W8: Pending | AA8: =G8-TODAY() | AB8: =IF(W8="Filed","Complete",IF(AA8<0,"OVERDUE",IF(AA8<=14,"URGENT",IF(AA8<=30,"DUE SOON",IF(AA8<=60,"APPROACHING","OK")))))
A9: IE-GIR-001 | B9: Ireland | C9: IE | D9: GIR Filing | E9: IE GIR Filing (FY2024) | F9: File GIR via ROS | G9: 2026-06-30 | H9: 2026-06-30 | I9: 2026-09-30 | J9: 2026-12-31 | K9: 2027-03-31 | L9: 18 months | M9: 15 months | N9: ROS | O9: https://www.ros.ie | Q9: =G9-90 | R9: =G9-60 | S9: =G9-30 | T9: =G9-14 | U9: Critical | V9: GIR Lead | W9: Pending | AA9: =G9-TODAY() | AB9: =IF(W9="Filed","Complete",IF(AA9<0,"OVERDUE",IF(AA9<=14,"URGENT",IF(AA9<=30,"DUE SOON",IF(AA9<=60,"APPROACHING","OK")))))
A10: SG-GIR-001 | B10: Singapore | C10: SG | D10: GIR Filing | E10: SG GIR Filing (FY2024) | F10: File GIR via myTax Portal | G10: 2026-06-30 | H10: 2026-06-30 | I10: 2026-09-30 | J10: 2026-12-31 | K10: 2027-03-31 | L10: 18 months | M10: 15 months | N10: myTax Portal | O10: https://mytax.iras.gov.sg | Q10: =G10-90 | R10: =G10-60 | S10: =G10-30 | T10: =G10-14 | U10: Critical | V10: GIR Lead | W10: Pending | AA10: =G10-TODAY() | AB10: =IF(W10="Filed","Complete",IF(AA10<0,"OVERDUE",IF(AA10<=14,"URGENT",IF(AA10<=30,"DUE SOON",IF(AA10<=60,"APPROACHING","OK")))))
A11: AU-GIR-001 | B11: Australia | C11: AU | D11: GIR Filing | E11: AU GIR Filing (FY2024) | F11: File GIR with ATO | G11: 2026-06-30 | H11: 2026-06-30 | I11: 2026-09-30 | J11: 2026-12-31 | K11: 2027-03-31 | L11: 18 months | M11: 15 months | N11: ATO Portal | O11: https://www.ato.gov.au | Q11: =G11-90 | R11: =G11-60 | S11: =G11-30 | T11: =G11-14 | U11: Critical | V11: GIR Lead | W11: Pending | AA11: =G11-TODAY() | AB11: =IF(W11="Filed","Complete",IF(AA11<0,"OVERDUE",IF(AA11<=14,"URGENT",IF(AA11<=30,"DUE SOON",IF(AA11<=60,"APPROACHING","OK")))))

Sheet iCal_Export
A1: iCAL EXPORT FORMAT
A3: Field | B3: iCal Property | C3: Format | D3: Example
A4: Event_ID | B4: UID | C4: event-id@globe-calendar | D4: GB-GIR-001@globe-calendar
A5: Deadline_Date | B5: DTSTART | C5: YYYYMMDDTHHMMSS | D5: 20260630T235959
A6: Day After | B6: DTEND | C6: YYYYMMDDTHHMMSS | D6: 20260701T000000
A7: Event_Title | B7: SUMMARY | C7: Plain text | D7: UK GIR Filing Deadline
A8: Event_Description | B8: DESCRIPTION | C8: Plain text | D8: File GIR with HMRC via API
A9: Jurisdiction | B9: LOCATION | C9: Plain text | D9: United Kingdom
A10: Obligation_Type | B10: CATEGORIES | C10: Plain text | D10: GloBE Compliance
A11: 60 days before | B11: TRIGGER (VALARM) | C11: -P60D | D11: -P60D
A14: VCALENDAR TEMPLATE | C14: DATE CONVERSION FORMULA
A16: BEGIN:VCALENDAR | C16: Excel Date to iCal:
A17: VERSION:2.0 | C17: =TEXT(G2,"YYYYMMDD")&"T235959"
A18: PRODID:-//GloBE Deadline Calendar//Professional Practice//EN
A19: CALSCALE:GREGORIAN | C19: Example (cell G2): | D19: 2026-06-30
A20: METHOD:PUBLISH | C20: iCal Output: | D20: =TEXT(D19,"YYYYMMDD")&"T235959"
A21: X-WR-CALNAME:GloBE Filing Deadlines
A22: BEGIN:VEVENT
A23: UID:[Event_ID]@globe-calendar
A24: DTSTART:[Deadline in YYYYMMDDTHHMMSS]
A25: DTEND:[Day after deadline]
A26: SUMMARY:[Event_Title]
A27: DESCRIPTION:[Event_Description]
A28: LOCATION:[Jurisdiction]
A29: CATEGORIES:[Obligation_Type]
A30: BEGIN:VALARM
A31: TRIGGER:-P60D
A32: ACTION:DISPLAY
... A36: END:VCALENDAR

Sheet Lookups
A1: Obligation_Type | B1: Status | C1: Priority | D1: Country_Code
A2: Registration | B2: Pending | C2: Critical | D2: GB
A3: GIR Filing | B3: In Progress | C3: High | D3: DE
A4: Local Return | B4: Filed | C4: Medium | D4: NL
A5: Self Assessment | B5: Confirmed | C5: Low | D5: FR
A6: Notification | B6: Overdue | D6: IE
A7: Payment | D7: LU
D8: SG
D9: AU
D10: JP
D11: KR
D12: CA
D13: CH
D14: BE
D15: IT
D16: ES
D17: AT
D18: SE
D19: DK
... D23: HK
